Rank,Player,GAMES,INNS,NOT OUTS,RUNS,HIGH SCORE,AVG,50s,100s,STRIKE RATE
1,Peter Horton,452,423,67,13440,154,37.75,84,17,55.9
2,Andrew Homewood,388,365,64,9705,141,32.24,51,11,73.96
3,Grahame Cox,255,237,40,6870,178,34.87,37,7,62.64
4,Toby Blood,313,258,54,6476,237,31.75,29,11,100.77
5,Charlie Kenway,255,228,25,5241,173,25.82,25,9,99.11
6,Nick Lee,110,110,19,5226,211,57.43,32,13,83.59
7,Francis Chadwick,288,234,49,4753,123,25.69,16,7,67.57
8,Scott Kelsey,290,247,34,4681,119,21.98,21,4,79.74
9,Ben Overton,232,211,13,4428,132,22.36,22,4,91.6
10,Ben Rogers,240,212,36,4388,116,24.93,20,6,65.48
11,Matthew Homewood,247,233,6,4335,153,19.1,11,4,71.92
12,Tom Chisman,296,264,29,4288,124,18.25,14,2,45.01
13,Chris Ward,289,220,53,4182,107,25.04,22,3,74.95
14,David Spackman,261,248,7,4113,90,17.07,18,0,45.51
15,Andrew Halliday,285,234,32,3409,97,16.88,9,0,74.2
16,Steve Quinn,314,257,52,3230,85,15.76,10,0,58.78
17,Tim Johnson,149,139,4,3207,207,23.76,13,4,97.37
18,Rob Chave,133,128,5,3181,130,25.86,19,2,72.5
19,Lewis Davies,159,148,18,3053,128,23.48,10,1,82.47
20,Bradley Erasmus,39,39,6,2314,152,70.12,5,13,86.46
21,Tim Brewster,150,122,25,2237,122,23.06,10,1,55.62
22,Frederick Edwards,186,143,28,2153,118,18.72,7,1,43.99
23,Tom Graham,124,116,20,2069,118,21.55,10,1,86.48
24,Matt Buzzacott,65,59,15,2022,137,45.95,14,1,95.71
25,Gareth Overton,94,90,9,1959,91,24.19,8,0,47.41
26,Dom Kenway,207,138,35,1823,90,17.7,7,0,88.32
27,John Gale,89,81,12,1769,158,25.64,7,3,67.44
28,David Ellins,132,124,15,1736,83,15.93,5,0,43.97
29,Charlie Edwards,160,124,30,1733,89,18.44,8,0,47.95
30,Graham Dymond,103,99,11,1641,137,18.65,6,1,55.37
31,Aaron Buller,63,58,11,1582,141,33.66,8,1,78.74
32,Chris Thurgood,56,53,3,1561,112,31.22,9,2,72.62
33,Jason Swift,50,43,8,1481,119,42.31,9,4,88.25
34,Max Ridler,225,149,30,1448,85,12.17,2,0,79.18
35,George Edwards,181,130,26,1289,89,12.39,2,0,66.06
36,Michael Cox,88,74,8,1252,86,18.97,5,0,74.02
37,Ian Gregg,197,139,23,1247,89,10.75,3,0,65.8
38,Simon Cooper,77,73,8,1235,93,19,4,0,51.94
39,Rory Wade,57,57,16,1231,112,30.02,4,2,69.2
40,Duncan Lane,191,128,54,1214,88,16.41,3,0,46.05
41,Barney Davies,101,88,8,1193,106,14.91,2,1,59.38
42,Frederick Fownes-Walpole,155,112,20,1179,80,12.82,2,0,61.49
43,William Edwards,165,129,22,1176,80,10.99,2,0,44.49
44,David Young,220,135,43,1163,41,12.64,0,0,57.59
45,Robbie Howlett,123,103,16,1154,72,13.26,2,0,56.68
46,Matt Howlett,99,85,19,1144,76,17.33,4,0,41.37
47,Harry Keay,76,69,19,1119,84,22.38,6,0,69.13
48,S Subesh,38,36,5,1076,135,34.71,6,2,93.41
49,Andy Walker,91,82,9,1069,64,14.64,3,0,48.72
50,Chris Stone,84,75,6,1066,109,15.45,1,1,58.99
51,Andrew Miller,71,58,7,1051,75,20.61,5,0,65.22
52,Dan Douthwaite,32,32,1,1028,102,33.16,8,1,78.14
53,Joe Ikuta,90,68,14,846,84,15.67,1,0,56.52
54,Dale Godfrey,69,52,13,806,60,20.67,3,0,69.68
55,Henry Smith,70,58,9,789,63,16.1,3,0,92
56,Jordan Rollins,23,23,2,770,91,36.67,9,0,79.94
57,Kunal Jogia,30,30,2,767,101,27.39,5,1,81.24
58,Parth Shah,25,23,8,755,93,50.33,6,0,70.95
59,Cameron Homewood,194,122,34,743,57,8.44,1,0,69.34
60,Jack Homewood,199,131,49,742,54,9.05,1,0,39.9
61,Dave Brook,42,36,5,719,74,23.19,5,0,57.5
62,Lucas Cooper,59,56,11,706,40,15.69,0,0,95.75
63,Daniel Asiedu,79,69,10,695,42,11.78,0,0,81.59
64,Nigel Pestifield,51,40,4,680,58,18.89,3,0,68.87
65,Cameron Pitt,37,32,2,679,108,22.63,3,1,69.29
66,Robert Jones,74,60,6,674,106,12.48,1,1,81.4
67,Steve Spooner,61,54,4,673,59,13.46,3,0,48.29
68,Ed Phillips,66,54,9,660,43,14.67,0,0,92.38
69,Mike Knott,95,81,10,659,50,9.28,1,0,51.82
70,Oliver Charles,39,37,1,637,62,17.69,4,0,75.97
71,Tharindu Karunaratne,32,30,1,633,86,21.83,2,0,46.67
72,M Croydon,19,19,4,627,102,41.8,3,1,42.86
73,Scott Minihane,72,62,9,626,46,11.81,0,0,52.24
74,Jamie Keay,118,91,22,624,33,9.04,0,0,34.97
75,D Barclay,12,12,4,615,144,76.88,2,2,118.37
76,Malcolm Burt,53,50,4,587,53,12.76,1,0,29.37
77,Nick Chadwick,46,38,4,565,64,16.62,1,0,10
78,Roy Ridgway,33,30,4,564,83,21.69,1,0,52.03
79,Colin Burns,69,62,7,548,36,9.96,0,0,32.11
80,Toby De La Hoyde,39,34,14,536,51,26.8,1,0,110.94
81,Ross Osborne,84,53,12,536,70,13.07,2,0,60
82,Rob Wycherley,37,29,3,526,76,20.23,2,0,48.79
83,Mark Ridgway,33,31,5,524,81,20.15,3,0,35.93
84,Dan Jordan,34,30,3,520,58,19.26,4,0,85.1
85,Kit Shepperd,60,48,11,518,54,14,2,0,34.38
86,Andrew Elliott,133,86,19,512,43,7.64,0,0,26
87,Thomas Sullivan,27,26,1,511,73,20.44,2,0,67.05
88,Charlie Davies,46,36,12,497,85,20.71,1,0,73.02
89,Henry Glynn,33,30,7,477,79,20.74,3,0,60.13
90,Dan Chave,45,36,8,466,54,16.64,1,0,63.68
91,Nick Haste,31,25,3,459,70,20.86,2,0,57
92,Matt Clarke,17,15,3,455,77,37.92,4,0,66.67
93,Liam Costello,71,46,9,454,54,12.27,2,0,68
94,Fred Higley,37,35,8,453,80,16.78,3,0,66.16
95,Travis Blood,124,72,27,450,45,10,0,0,62.08
96,Raich Hudson,45,37,6,446,46,14.39,0,0,40.74
97,Samuel Alexander,40,33,11,442,51,20.09,1,0,105.54
98,Niall Harris,44,40,4,442,48,12.28,0,0,51.15
99,Toby Mayall,33,28,11,437,50,25.71,2,0,74.09
100,Oliver Mayer,39,32,12,431,50,21.55,1,0,93.91
101,Ben Wraight,21,19,2,417,135,24.53,1,1,105.43
102,Jim Ovens,13,12,1,417,87,37.91,5,0,-
103,Ross Kinsey,42,32,6,404,79,15.54,1,0,64.45
104,Luke Trimming,18,18,2,400,67,25,1,0,50.25
105,Mark Edsall,23,21,1,399,59,19.95,2,0,32.69
106,J Davies,15,14,0,383,84,27.36,2,0,41.91
107,J Jones,18,17,6,380,65,34.55,1,0,20
108,Tom Hornung,26,24,4,376,52,18.8,2,0,118
109,Henry Cameron,21,18,2,371,101,23.19,2,1,47.16
110,Nigel Pestifield,27,26,1,342,56,13.68,1,0,60.26
111,Alister Cox,49,26,5,339,43,16.14,0,0,110.64
112,Andrew Pead,59,43,13,337,40,11.23,0,0,85.23
113,James O'Brien,87,57,15,334,37,7.95,0,0,68.64
114,Alistair Wise,24,22,3,331,40,17.42,0,0,109.68
115,Tharinda Perera,19,17,2,330,69,22,1,0,80.97
116,Tom O'Brien,53,34,4,327,47,10.9,0,0,46.67
117,Hugh Cannon,15,13,1,316,58,26.33,1,0,86.67
118,Shaun Cockburn,40,35,4,312,32,10.06,0,0,88.14
119,Tom Bridge,11,9,4,308,68,61.6,4,0,103.57
120,Peter Horton,11,10,2,300,68,37.5,3,0,69.14
121,Callum Powell,37,33,6,295,31,10.93,0,0,71.99
122,Freddie Baker,32,23,4,293,36,15.42,0,0,81.25
123,Adrian Webster,18,15,5,287,50,28.7,1,0,103.64
124,Richard Warne,11,9,1,277,114,34.63,0,1,92.31
125,Graham Penny,9,9,1,276,90,34.5,2,0,-
126,Chris Weill,53,40,11,273,32,9.41,0,0,48.39
127,Cameron Booth,34,31,5,273,32,10.5,0,0,48.97
128,Tom Chave,26,20,3,272,114,16,0,1,67.72
129,Dan Humphreys,11,11,2,270,92,30,2,0,146.05
130,Murray Yabsley,19,18,2,270,71,16.88,1,0,58.74
131,Kamau Leverock,15,13,2,261,95,23.73,1,0,94.74
132,J A Hanrahan,14,13,2,256,68,23.27,2,0,47.06
133,T Wymer,31,24,7,255,65,15,1,0,65.38
134,Advait Barhate,17,15,5,254,53,25.4,1,0,85.45
135,Matthew Sadd,22,21,2,254,39,13.37,0,0,38.5
136,Varun Sethi,33,26,10,252,32,15.75,0,0,74.7
137,Oliver Wells,15,14,3,250,41,22.73,0,0,160.92
138,David Charles,14,13,3,245,74,24.5,1,0,-
139,Jamie Harris,79,50,13,240,58,6.49,1,0,16.44
140,Tom Lister,18,17,0,237,43,13.94,0,0,53.27
141,P Cheeseman,12,9,2,235,66,33.57,2,0,-
142,Advait Barhate,20,19,6,234,33,18,0,0,73.4
143,Louie Lemon,25,20,6,232,34,16.57,0,0,85.16
144,Andrew Culton,34,26,6,230,39,11.5,0,0,13.33
145,K Corbett,53,40,9,226,33,7.29,0,0,48.54
146,Jack Myers,20,12,3,224,62,24.89,2,0,76.47
147,Jack Street,44,35,7,221,34,7.89,0,0,75.52
148,Will Phillips,80,41,9,217,28,6.78,0,0,68
149,Josh Shrives,209,81,33,216,26,4.5,0,0,29.17
150,- Howe,12,12,0,214,64,17.83,2,0,-
151,Stewart Homewood,25,21,0,212,64,10.1,2,0,7.14
152,A Dunning,5,5,2,210,80,70,3,0,93.1
153,Archie King,14,14,2,209,70,17.42,2,0,59.74
154,Sam Wheeler,28,22,3,205,35,10.79,0,0,179.37
155,Paul Castellini,23,19,4,202,32,13.47,0,0,29.17
156,Toby Graham,27,19,3,202,52,12.63,1,0,53.33
157,Peter Turnbull,7,7,1,202,51,33.67,2,0,-
158,Graeme Owton,7,7,0,202,57,28.86,1,0,78.18
159,Isaac Daniels,30,23,6,199,41,11.71,0,0,100.56
160,Dennis Rapson,35,21,6,197,44,13.13,0,0,100
161,Max Dymond,11,11,3,197,41,24.63,0,0,98.94
162,Sebastian Fleming-Smith,24,21,4,194,35,11.41,0,0,75.77
163,Henry Smith,16,16,1,194,47,12.93,0,0,75.76
164,Sean Van Duiker,20,17,4,193,53,14.85,1,0,56.18
165,Colin Knott,13,12,4,188,29,23.5,0,0,52.5
166,Andy Imms,129,74,36,187,22,4.92,0,0,39.47
167,Thomas Dennis,20,18,5,184,34,14.15,0,0,45.92
168,Lucas Green,27,16,6,183,33,18.3,0,0,67.26
169,Andrew McRae,11,11,0,183,60,16.64,1,0,47.02
170,Sandy Kington,11,10,4,177,75,29.5,1,0,-
171,R Webber,3,3,0,170,64,56.67,3,0,-
172,Scott Booth,28,21,3,169,32,9.39,0,0,47.92
173,Gregory Furnell,20,16,3,169,45,13,0,0,40
174,Dan Killick,31,17,6,166,26,15.09,0,0,24.26
175,Richard Lanyon,5,4,1,166,69,55.33,2,0,147.06
176,Joe Cranfield,15,14,4,163,40,16.3,0,0,80
177,P Stevenson,10,10,2,163,49,20.38,0,0,59.18
178,a- Dunmall,18,13,3,161,45,16.1,0,0,27.86
179,Malin Wade,29,21,7,160,19,11.43,0,0,132.43
180,Zac Smith,51,29,10,159,29,8.37,0,0,26.79
181,P Kimber,8,7,1,158,41,26.33,0,0,-
182,Duncan Lane,18,14,4,157,44,15.7,0,0,0
183,J Morgan,12,11,2,157,40,17.44,0,0,-
184,Greg Townes,13,12,0,157,41,13.08,0,0,0
185,T Dunmall,7,6,3,154,82,51.33,1,0,-
186,R Ridgeway,7,6,3,153,51,51,1,0,77.78
187,E- Meadows,5,4,0,149,69,37.25,1,0,-
188,Mattias Brinker,21,17,3,146,31,10.43,0,0,64.04
189,C- Jones,5,5,2,146,55,48.67,1,0,-
190,O Mathias,4,4,0,146,111,36.5,0,1,-
191,Simon Shaw,13,12,0,145,44,12.08,0,0,-
192,D- Rattenbury,11,11,0,144,60,13.09,1,0,-
193,Ash Daniel,8,8,2,143,33,23.83,0,0,68.16
194,Oliver Belam,28,23,3,140,27,7,0,0,44.87
195,Jamie King,12,11,0,139,62,12.64,1,0,40.58
196,Hugh Cameron-Jenkins,29,21,7,134,21,9.57,0,0,71.53
197,Jonah Ducker,24,22,2,133,27,6.65,0,0,79.37
198,Amir Saddiqui,14,13,1,132,21,11,0,0,-
199,- Edwards,4,3,1,132,61,66,2,0,-
200,G Penny,4,4,0,131,82,32.75,1,0,-
201,R- Ridgeway,12,12,1,130,35,11.82,0,0,-
202,S- Obank,4,4,1,130,83,43.33,1,0,57.99
203,- Marchant,6,6,1,130,60,26,1,0,-
204,Lawrence Crumbie,33,27,10,129,16,7.59,0,0,-
205,Kamran Munawar,18,18,1,128,25,7.53,0,0,48.41
206,M Hamid,21,13,3,126,25,12.6,0,0,57.89
207,Joseph Covey,11,9,2,126,27,18,0,0,75.45
208,Dan Peart,10,10,2,126,49,15.75,0,0,107.69
209,Stanley Miles,17,15,5,124,33,12.4,0,0,66.14
210,Angelo Shepherd,10,7,1,124,68,20.67,1,0,102.86
211,P- Charman,8,7,0,123,35,17.57,0,0,-
212,O- Barclay,9,6,0,122,65,20.33,1,0,-
213,Isaac Lister,23,18,3,120,25,8,0,0,55.44
214,Martin Smithers,26,20,8,119,42,9.92,0,0,26.92
215,R Carloss,5,5,0,119,77,23.8,1,0,-
216,D Wright,6,6,2,117,52,29.25,1,0,-
217,Rowan Thomas,8,7,2,117,35,23.4,0,0,-
218,J- Imms,5,5,0,117,62,23.4,1,0,40
219,M- Dench,3,3,0,115,57,38.33,2,0,-
220,Sage Dillon,10,9,2,113,35,16.14,0,0,52.24
221,T- Tobin,7,5,0,113,46,22.6,0,0,-
222,Josh Kelly,24,15,3,111,22,9.25,0,0,111.39
223,Chris Brown,9,8,2,111,33,18.5,0,0,36.36
224,Andrew McRae,8,5,0,110,61,22,1,0,45.83
225,M- Ridgway,4,3,1,109,63,54.5,1,0,72.09
226,D Jordon,3,3,0,109,57,36.33,1,0,39.13
227,Barney Stewart,23,17,4,108,28,8.31,0,0,64.86
228,S Patel,3,3,1,108,60,54,1,0,86.05
229,Maeva Hudson,35,20,4,107,16,6.69,0,0,73.33
230,a- Mayne,5,5,1,107,51,26.75,1,0,140.63
231,H Cannon,3,3,0,107,57,35.67,1,0,160
232,D- Ralf,15,10,2,105,26,13.13,0,0,73.33
233,Freddie Ware,24,17,4,104,24,8,0,0,35.04
234,M Lawry,7,6,1,104,46,20.8,0,0,48.11
235,Dan Ryan,30,24,3,102,22,4.86,0,0,50
236,Andy Mayne,15,9,2,100,32,14.29,0,0,76.19
237,Keith Campsie,8,7,1,99,35,16.5,0,0,7.69
238,Rhys Belam,9,9,0,99,22,11,0,0,68.75
239,Harvey Carrington,27,17,10,98,18,14,0,0,61.24
240,Michael Pellman,19,11,2,97,33,10.78,0,0,25.44
241,Doug Ledgerwood,5,3,0,97,63,32.33,1,0,-
242,Luke Nell,22,13,5,96,19,12,0,0,48.78
243,A Munrow,5,5,1,96,47,24,0,0,-
244,Charlie Richards,6,5,0,96,74,19.2,1,0,160
245,G Dnu-Towners,7,5,0,95,40,19,0,0,55.56
246,Samuel Cormack,11,10,3,94,28,13.43,0,0,60
247,Alex Jones,25,22,1,94,24,4.48,0,0,15
248,M- Edwards,8,5,3,93,41,46.5,0,0,56.76
249,Dan Phillips,16,14,2,93,36,7.75,0,0,50
250,Dimal Patel,7,7,1,93,43,15.5,0,0,34
251,David Gange,9,8,1,93,34,13.29,0,0,5.88
252,Jack Waite,20,14,1,93,30,7.15,0,0,52.04
253,Charles Hastewell - Woodman,3,3,0,93,49,31,0,0,-
254,- Linden,8,8,1,92,51,13.14,1,0,-
255,Dan Huggett,44,19,5,91,19,6.5,0,0,92.86
256,Alexander Lowe,25,20,11,90,31,10,0,0,25
257,P Tipping,4,4,1,89,53,29.67,1,0,-
258,- Spooner,3,3,0,89,43,29.67,0,0,-
259,Oliver Cutmore,7,6,2,88,33,22,0,0,83.81
260,Luke Daniels,13,12,1,88,41,8,0,0,0
261,Rhys Kreuchen,39,25,8,87,43,5.12,0,0,40
262,Colin Burn,4,4,1,87,59,29,1,0,115
263,Harry Whitney,24,19,3,85,31,5.31,0,0,39.11
264,Mark Longhurst,4,4,0,85,43,21.25,0,0,61.9
265,Richard Thompson,11,9,1,84,30,10.5,0,0,64.52
266,S Jacobson,3,3,1,84,76,42,1,0,68.47
267,S Matthews,10,9,1,84,20,10.5,0,0,66.67
268,Josh Lanyon,27,17,5,82,16,6.83,0,0,42.5
269,A Brooker,8,5,1,82,27,20.5,0,0,-
270,- Bowers,3,3,0,80,30,26.67,0,0,-
271,Tony Pike,76,41,16,79,9,3.16,0,0,39.13
272,George Gomes,11,6,1,79,37,15.8,0,0,57.14
273,Dan Killick,18,15,2,78,34,6,0,0,30.15
274,- Harris,3,3,1,78,38,39,0,0,-
275,Scott Sullivan,6,5,1,78,55,19.5,1,0,100
276,D- Baxter,7,4,1,78,68,26,1,0,-
277,Oliver Dutton,19,14,5,76,27,8.44,0,0,37.98
278,R- Howe,5,5,0,76,34,15.2,0,0,27.12
279,T- Allsop,4,4,1,73,54,24.33,1,0,-
280,James Whitmarsh,15,13,1,72,17,6,0,0,25.24
281,O- Carlstrand,4,4,0,72,47,18,0,0,-
282,John Christ,3,3,0,72,62,24,1,0,-
283,Tony Rickards,13,7,1,71,29,11.83,0,0,37.5
284,- Brooker,6,6,0,71,18,11.83,0,0,-
285,- Campbell,3,3,1,70,45,35,0,0,-
286,A Bell,4,3,1,70,48,35,0,0,-
287,- Ockenden,3,3,0,69,53,23,1,0,-
288,Kit Shepperd,4,3,0,67,29,22.33,0,0,73.33
289,G- Baxter,3,3,0,66,33,22,0,0,105.71
290,- Burt,3,3,0,66,31,22,0,0,-
291,- Thomas,3,3,0,66,42,22,0,0,-
292,Seth Wallace,12,9,4,65,22,13,0,0,-
293,Tom Street,20,17,4,65,14,5,0,0,30
294,Andrew Wall,7,6,2,64,30,16,0,0,65.31
295,Sam Steel,20,14,2,64,12,5.33,0,0,32.87
296,- Bullock,5,4,1,64,42,21.33,0,0,18.87
297,Steve Wade,10,8,1,63,23,9,0,0,58.97
298,- Rattenbury,5,5,0,63,36,12.6,0,0,-
299,Chris Cooper,12,9,5,62,18,15.5,0,0,80.95
300,W- Sims,5,5,2,62,26,20.67,0,0,-
301,O Mathias,4,4,0,62,20,15.5,0,0,-
302,Sam Collyer,10,8,2,61,28,10.17,0,0,-
303,Joe Bruce,7,6,2,59,22,14.75,0,0,53.19
304,Alfie Handley,7,6,1,59,33,11.8,0,0,84.06
305,N- Harris,3,3,0,59,29,19.67,0,0,-
306,Tom Wells,8,7,0,59,28,8.43,0,0,-
307,Olly Goldsmith,4,3,0,59,23,19.67,0,0,74.07
308,Ahmed Farooq,27,19,6,58,14,4.46,0,0,66.67
309,Ollie Ward,19,13,3,58,26,5.8,0,0,52.63
310,Tom Bower,6,5,1,58,29,14.5,0,0,53.21
311,- Ockenden,3,3,0,58,50,19.33,1,0,-
312,Patrick Simmonite,12,9,2,57,17,8.14,0,0,104.44
313,A Munro,4,4,2,57,31,28.5,0,0,20.69
314,Eddie Clifford-Jones,16,12,4,56,18,7,0,0,77.36
315,Dylan Issberner,23,20,3,56,12,3.29,0,0,36.63
316,M Croydon,5,5,0,56,19,11.2,0,0,-
317,Henry Ledgerwood,22,13,4,55,16,6.11,0,0,53.33
318,Daniel Cockburn,18,12,3,55,20,6.11,0,0,84.75
319,Freddie Henderson,8,6,1,55,31,11,0,0,69.62
320,D Farr,6,5,0,55,21,11,0,0,56.45
321,Ian Gregg,13,11,4,54,17,7.71,0,0,73.91
322,Luke Kinsey,10,9,3,54,22,9,0,0,162.5
323,Charlie Edwards Colt,4,4,2,54,28,27,0,0,69.23
324,Conor Myers,18,10,1,54,25,6,0,0,-
325,A Munro,3,3,1,54,40,27,0,0,-
326,P Webb,10,9,0,54,18,6,0,0,-
327,Ciaran Maclennan,17,13,3,53,15,5.3,0,0,41.82
328,Barns Edwards,18,12,3,51,14,5.67,0,0,36.97
329,Josh Thomas,8,5,2,51,26,17,0,0,87.23
330,- Lawry,5,4,0,50,30,12.5,0,0,72.73
331,P Flick,4,4,0,50,45,12.5,0,0,-
332,Dan Huggett,15,10,4,49,22,8.17,0,0,50
333,- Davies,9,8,3,49,15,9.8,0,0,20.83
334,F- Potter,5,5,2,49,16,16.33,0,0,-
335,- Mayne,7,3,1,49,30,24.5,0,0,42.86
336,Rohan Patel,6,6,0,49,36,8.17,0,0,0
337,Graham Buller,10,9,1,48,17,6,0,0,20.97
338,Freddie Fielden,6,5,0,48,35,9.6,0,0,80
339,Steve Wade,3,3,2,47,23,47,0,0,-
340,J- Bayer,4,4,2,46,29,23,0,0,-
341,Steve Shaw,12,10,1,46,17,5.11,0,0,50
342,D- Bance,4,3,0,46,29,15.33,0,0,-
343,R- Beckles,4,3,0,46,17,15.33,0,0,-
344,- Quincey,8,7,3,45,16,11.25,0,0,-
345,- Pike,11,9,2,45,28,6.43,0,0,0
346,D Rowles,4,4,1,45,28,15,0,0,-
347,Jacob Chalmers,4,4,1,45,24,15,0,0,86.54
348,Steve Booth,4,4,0,45,25,11.25,0,0,4.76
349,Ben Buckle,12,8,1,44,18,6.29,0,0,42.62
350,Calberth Charles,5,4,1,44,32,14.67,0,0,30
351,Sam McCormick,8,6,1,43,22,8.6,0,0,0
352,Tom Smith,7,5,1,43,14,10.75,0,0,-
353,- Davis,7,6,1,43,19,8.6,0,0,-
354,- Patel,3,3,0,43,33,14.33,0,0,-
355,Ollie Goddard,4,4,0,43,37,10.75,0,0,33.33
356,Josh Dowling,6,5,2,42,18,14,0,0,57.53
357,Noah Tait,11,9,2,42,14,6,0,0,44.44
358,Mark Kenway,17,6,1,42,36,8.4,0,0,-
359,- Bowes,5,4,1,42,26,14,0,0,-
360,M Burt,5,5,0,42,20,8.4,0,0,29.59
361,- Kimber,4,3,0,42,23,14,0,0,-
362,Joe Beresford,15,9,3,40,14,6.67,0,0,69.23
363,James Roberts,3,3,2,40,28,40,0,0,-
364,Eric Epps,13,11,1,40,10,4,0,0,47.83
365,Jasper King,3,3,1,40,37,20,0,0,156
366,S Spooner,5,4,0,40,29,10,0,0,-
367,Chris Howe,3,3,0,40,35,13.33,0,0,-
368,Matthew York,29,18,6,39,7,3.25,0,0,25.16
369,Ollie King,9,7,3,39,15,9.75,0,0,71.15
370,Max Waldron,10,10,1,39,10,4.33,0,0,42.42
371,A Spooner,7,6,1,38,18,7.6,0,0,-
372,Jamie Sharp,8,7,1,38,22,6.33,0,0,42.86
373,T- Ockenden,4,4,0,38,27,9.5,0,0,-
374,Mark Wadey,3,3,2,37,22,37,0,0,366.67
375,G- Peart,3,3,0,37,23,12.33,0,0,42.05
376,Tommy Croft-Smith,14,11,4,36,13,5.14,0,0,61.54
377,Tony Tobin,8,5,1,36,31,9,0,0,0
378,Ben Webster,13,10,1,36,13,4,0,0,46.67
379,G Thompson,4,4,0,36,19,9,0,0,-
380,Josh Metcalfe,8,5,2,35,30,11.67,0,0,125
381,A Longley,3,3,1,35,14,17.5,0,0,-
382,N Wright,5,5,0,35,15,7,0,0,50
383,W Simms,4,4,0,35,14,8.75,0,0,-
384,Phil Moir,5,3,0,35,33,11.67,0,0,9.52
385,Charlie Beardmore,16,12,6,34,14,5.67,0,0,64
386,Harry Eastell-Kaye,10,9,3,34,10,5.67,0,0,62
387,Tom Stanford,8,7,0,34,9,4.86,0,0,-
388,- Barclay,3,3,3,33,27,-,0,0,-
389,Markus Dell,12,8,2,32,9,5.33,0,0,-
390,Matthew Read,11,9,1,32,9,4,0,0,30.95
391,M Shenton,7,6,1,32,12,6.4,0,0,-
392,- Clarke,5,3,0,32,31,10.67,0,0,10
393,R Edwards,17,8,4,30,12,7.5,0,0,11.11
394,Liam Mcbride,4,4,2,30,16,15,0,0,56.6
395,Rory Fairhurst,8,8,2,29,10,4.83,0,0,34.94
396,Toby Hayes,3,3,0,29,18,9.67,0,0,42.11
397,Tom Sullivan,7,7,0,29,19,4.14,0,0,0
398,J- Bourne,3,3,0,28,14,9.33,0,0,-
399,Kyan Pickering,20,9,6,27,8,9,0,0,70
400,Will Pereira,9,3,2,27,17,27,0,0,333.33
401,Steve Smith,7,6,1,27,13,5.4,0,0,-
402,R- Davies,3,3,0,27,22,9,0,0,45.83
403,A Irvine,6,3,0,27,18,9,0,0,12.68
404,O Cape,4,3,0,27,17,9,0,0,-
405,Justin Murray,5,5,0,27,11,5.4,0,0,52.27
406,Lee Hardinges,10,8,1,26,10,3.71,0,0,63.64
407,Terry Mayne,10,6,5,25,11,25,0,0,16.67
408,T Anderson,5,5,1,25,15,6.25,0,0,-
409,N- Beirne,7,5,1,24,16,6,0,0,41.86
410,Simon Love,3,3,0,24,13,8,0,0,-
411,C Jones,3,3,0,24,21,8,0,0,42.86
412,James Irvine,7,5,0,24,19,4.8,0,0,-
413,K Sesha,3,3,0,24,19,8,0,0,-
414,Martin Barker,28,16,6,23,12,2.3,0,0,13.33
415,Josh Weeden,15,11,2,23,8,2.56,0,0,24.56
416,Garin Bisschoff,4,4,0,23,20,5.75,0,0,50
417,Jason Wareham,3,3,0,23,23,7.67,0,0,-
418,Zain Palmer,14,7,3,22,5,5.5,0,0,37.93
419,Angus Candlish,4,3,2,22,19,22,0,0,32.84
420,K Burnand,6,3,1,22,17,11,0,0,-
421,Luke Reynolds,11,7,1,22,8,3.67,0,0,32.14
422,John Wills,3,3,0,22,15,7.33,0,0,29.41
423,J- Mayne,6,3,0,22,12,7.33,0,0,41.38
424,Ollie King,5,5,0,22,10,4.4,0,0,50
425,Sam Mendelson,3,3,0,21,13,7,0,0,-
426,Patrick Fownes-Walpole,4,3,0,21,10,7,0,0,-
427,M- Barnett,4,4,0,21,12,5.25,0,0,-
428,Max Dunn,8,6,3,20,6,6.67,0,0,41.67
429,Charlie Jordan,9,6,3,20,8,6.67,0,0,-
430,- Dunmall,9,8,2,20,13,3.33,0,0,-
431,Lucas Ringrose-Breen,12,5,2,20,12,6.67,0,0,2.78
432,Jacob Ewing,8,6,1,20,15,4,0,0,47.22
433,Rory Dalziel,3,3,1,20,20,10,0,0,0
434,Joseph Perrin,6,4,1,19,9,6.33,0,0,33.33
435,- Jones,3,3,1,19,15,9.5,0,0,-
436,Thomas Kent,9,4,1,18,8,6,0,0,21.43
437,E- Ockenden,3,3,0,18,12,6,0,0,-
438,- Taylor,6,6,0,18,15,3,0,0,-
439,I Crouthers,4,4,0,17,8,4.25,0,0,17.24
440,Findlay Candlish,6,4,0,17,16,4.25,0,0,42.5
441,Nicholas Humphreys,5,4,3,16,14,16,0,0,76.19
442,- Baxter,5,3,0,16,12,5.33,0,0,-
443,Michael Nallen,3,3,0,16,16,5.33,0,0,37.21
444,J Kirk,5,4,0,16,11,4,0,0,-
445,Christopher Pike,78,32,9,15,7,0.65,0,0,5.26
446,Jim Beardmore,21,11,4,15,5,2.14,0,0,13.24
447,Kieran Covey,10,8,2,15,4,2.5,0,0,-
448,P- Julier,3,3,2,15,12,15,0,0,-
449,Matthew Cluett,12,6,2,15,5,3.75,0,0,24.59
450,Ortis Charles,8,4,1,15,5,5,0,0,63.64
451,Connor Simmonite,11,9,1,14,4,1.75,0,0,28.21
452,Matthew Storey,7,6,1,14,6,2.8,0,0,-
453,A Cooper,6,5,1,14,6,3.5,0,0,40
454,N Allen,3,3,0,14,13,4.67,0,0,-
455,Jonte Smith,3,3,0,14,12,4.67,0,0,120
456,Edan Pickering,16,3,0,14,9,4.67,0,0,-
457,Jamie Bartlett,12,9,3,13,9,2.17,0,0,22.03
458,Jake Carter,11,7,1,13,8,2.17,0,0,15.38
459,Seth Lister,3,3,1,13,5,6.5,0,0,27.66
460,Oscar Palmer,9,6,0,13,6,2.17,0,0,23.08
461,Robert Bradbury,6,6,3,12,8,4,0,0,-
462,a- Cheeseman,6,4,2,12,8,6,0,0,-
463,Oscar Mills,8,7,2,12,7,2.4,0,0,17.14
464,M Kenway,4,4,1,12,8,4,0,0,-
465,M Weill,4,4,1,12,8,4,0,0,-
466,S Matthews,3,3,0,12,12,4,0,0,35.29
467,Oliver LaPensee,7,6,2,11,5,2.75,0,0,18.03
468,Fred Imms,16,6,2,11,5,2.75,0,0,-
469,Steve Howlett,11,8,1,11,6,1.57,0,0,3.7
470,- Peart,3,3,1,11,8,5.5,0,0,60
471,D- Merton,3,3,1,11,6,5.5,0,0,62.5
472,C- Knott,3,3,0,11,9,3.67,0,0,-
473,Richard Brooker,6,3,2,10,8,10,0,0,-
474,Neve Daniel,8,4,2,10,9,5,0,0,3.45
475,James Mayne,10,4,1,10,6,3.33,0,0,17.14
476,Leo Lestrange,5,3,0,10,6,3.33,0,0,27.03
477,Tom Adey,4,3,1,9,6,4.5,0,0,33.33
478,J- Roberts,3,3,0,9,9,3,0,0,-
479,- Thomas,3,3,0,9,7,3,0,0,-
480,P Wickens,9,6,3,8,5,2.67,0,0,0
481,Jessica Cooper,4,3,2,8,4,8,0,0,10.81
482,Toby Bruce,15,7,2,8,4,1.6,0,0,16.13
483,- Murton,3,3,0,8,4,2.67,0,0,-
484,Jamie Merrett,4,3,0,8,5,2.67,0,0,-
485,George Hewetson,5,3,1,7,5,3.5,0,0,29.41
486,A Short,3,3,1,7,4,3.5,0,0,-
487,M- Rowlands,3,3,1,7,6,3.5,0,0,-
488,Billy Brooker,7,4,0,7,3,1.75,0,0,16.67
489,Maisie Carter,4,3,0,7,6,2.33,0,0,25
490,I Purkiss,4,4,1,6,4,2,0,0,-
491,Jack Wiggins,6,4,1,6,4,2,0,0,22.22
492,Archie Armitage,4,3,1,6,6,3,0,0,60
493,Oliver Claxon,4,4,1,6,4,2,0,0,23.08
494,Tom Lane,3,3,1,6,4,3,0,0,-
495,- Butler,4,3,2,5,3,5,0,0,-
496,Teddy Lanyon,8,3,2,5,4,5,0,0,-
497,Jack Bradley,15,6,1,5,3,1,0,0,0
498,Bobby Collins,3,3,0,5,3,1.67,0,0,23.08
499,P Kimber,4,4,0,5,4,1.25,0,0,-
500,Alan Miles,8,6,0,5,4,0.83,0,0,-
501,D- Plumb,3,3,1,4,3,2,0,0,-
502,James Spooner,5,4,1,4,3,1.33,0,0,22.22
503,- Jones,4,4,0,4,2,1,0,0,14.29
504,George Nott,7,6,0,4,3,0.67,0,0,17.65
505,Luca Holland,4,3,0,4,4,1.33,0,0,40
506,Nathan Hill,6,4,3,3,2,3,0,0,13.64
507,Louis Parfett,5,3,2,3,2,3,0,0,7.69
508,Ben Young,4,3,1,3,2,1.5,0,0,0
509,Lewis Strut,3,3,1,3,2,1.5,0,0,25
510,Zac Schwarz,4,3,0,3,3,1,0,0,11.11
511,- Homewood,4,4,0,3,3,0.75,0,0,0
512,Jasper Swift,4,3,0,3,2,1,0,0,33.33
513,Ben Wheeler,4,4,2,2,1,1,0,0,50
514,- Irvine,5,4,1,2,2,0.67,0,0,-
515,Miles Rutty,7,5,0,2,1,0.4,0,0,4.26
516,N- Haslam,3,3,0,2,1,0.67,0,0,-
517,D Farr,3,3,0,2,2,0.67,0,0,10.53
518,Charles Redwood,5,3,0,2,2,0.67,0,0,-
519,Duncan Stott,5,4,0,2,2,0.5,0,0,0
520,E Spooner,3,3,0,1,1,0.33,0,0,-
521,James Tobin,5,4,0,0,0,0,0,0,0
522,- Kenway,5,3,0,0,0,0,0,0,-